DPTO,P3053,P1633,P1055,P3091,P640,P3034,P3035,P3088,P2991,P2992
19,141,2,1,2,3,6,51,546146.0,2,3
68,8011,2,1,2,2,6,52,1275769.0,1,1
50,1011,2,1,2,5,4,122,3812707.0,1,3
27,111,2,2,2,5,8,167,25943201.0,2,2
20,111,2,1,2,4,5,8,1637709.0,1,2
70,2100,1,2,2,3,7,113,235843.0,2,2
19,5621,2,2,2,5,9,45,768121.0,2,2
66,4721,2,2,2,3,5,88,4371733.0,3,2
76,111,2,1,2,3,5,28,,2,2
27,4311,2,2,1,5,4,119,413786.0,2,3
27,5621,2,2,2,5,6,107,4344419.0,2,2
81,9311,1,2,2,1,2,27,3463728.0,9,1
70,6010,1,2,1,3,3,193,338727.0,2,9
13,4721,1,2,2,5,1,162,,3,9
20,4911,2,2,2,3,2,81,8829458.0,3,2
81,4921,1,2,2,2,2,101,5517376.0,3,1
11,4712,2,2,2,5,8,62,471254.0,1,3
73,4721,2,1,2,5,8,62,,2,3
70,4731,2,1,2,5,2,166,2736585.0,2,2
8,4321,2,1,2,5,6,26,1389866.0,1,2
81,1011,1,2,2,5,5,121,2465956.0,1,3
41,4911,2,2,2,2,3,24,4246451.0,3,3
17,5621,2,2,2,5,5,39,629371.0,3,3
8,7010,1,2,2,4,5,124,1180472.0,2,2
70,9311,1,2,2,3,5,21,674097.0,2,2
5,4722,2,2,2,5,3,94,703707.0,9,2
41,4921,2,2,2,3,3,175,3904776.0,2,2
73,111,2,2,2,2,4,115,2356957.0,2,2
41,4711,2,1,2,1,7,176,303904.0,2,2
54,8011,2,1,2,4,2,121,4733258.0,3,2
25,4921,2,1,1,5,4,13,1302656.0,2,2
52,4311,2,2,2,5,4,229,5002250.0,3,3
50,4911,2,2,2,5,1,131,586726.0,2,3
50,4712,2,2,2,3,8,160,652896.0,2,3
66,4721,2,1,2,3,1,163,2681950.0,2,3
41,4311,2,2,2,3,8,19,531919.0,1,2
76,4712,2,2,2,3,7,142,1425655.0,2,2
68,4921,2,2,1,3,9,176,464126.0,2,2
11,4921,2,2,2,5,8,214,1239670.0,3,1
15,111,2,2,2,5,5,81,1908398.0,2,3
66,4721,2,2,2,5,8,123,2019397.0,3,1
19,5621,2,2,2,3,3,68,1279913.0,9,2
70,6010,1,1,2,5,7,173,2957989.0,3,2
23,2100,2,1,2,3,4,232,2367532.0,9,2
19,9311,1,2,2,2,5,19,1781132.0,2,2
63,4911,2,2,2,5,9,64,935633.0,2,2
13,8011,2,2,2,5,7,101,7144779.0,3,2
47,4911,2,2,2,3,4,66,3151990.0,3,2
63,7010,2,2,2,4,6,207,571871.0,3,3
23,4311,2,2,2,3,7,66,4319545.0,2,2
70,5621,2,2,2,5,9,75,5669391.0,2,2
8,2100,2,2,2,4,4,45,1797886.0,1,2
68,4731,2,2,2,5,3,87,1947184.0,3,2
50,4711,1,2,2,2,8,202,167603.0,1,2
19,9311,2,2,2,4,1,67,720622.0,2,2
41,4721,2,2,2,5,9,197,5457128.0,2,3
20,4921,2,1,2,5,1,3,775181.0,2,3
50,6010,1,2,2,3,2,166,1636695.0,1,2
11,111,1,2,2,5,8,205,707615.0,3,2
47,4722,2,1,2,5,9,170,,3,1
54,111,2,2,2,5,7,211,3180315.0,2,1
13,4731,2,2,1,5,3,168,3283989.0,2,2
63,8011,2,1,2,5,7,178,505228.0,9,2
20,4711,1,2,2,5,6,163,2253606.0,1,3
13,6010,2,1,2,5,2,24,13149360.0,3,3
8,7010,2,1,2,3,3,88,4867964.0,2,3
17,1021,1,2,1,4,5,17,2217736.0,2,3
73,7010,2,2,1,3,4,40,195405.0,2,1
25,9311,1,1,2,5,2,202,1469998.0,3,2
13,4722,1,2,2,3,4,194,14298121.0,1,2
73,4911,1,2,2,5,8,172,9648646.0,2,2
63,4731,1,1,2,3,5,151,3449369.0,2,2
41,4731,1,1,2,2,5,6,836350.0,2,2
8,4321,2,2,1,5,3,194,2111131.0,2,2
25,5611,2,2,2,2,8,149,5016168.0,2,3
13,5621,2,2,1,2,6,119,6129642.0,2,3
47,6010,2,2,2,3,2,120,2885314.0,2,2
52,4321,2,2,2,5,2,35,5531931.0,2,2
50,4921,2,1,2,4,9,113,1847915.0,2,2
20,4712,2,2,2,5,7,29,1752426.0,2,3
47,5621,1,2,2,5,9,7,1143154.0,2,1
76,2100,2,2,2,4,6,221,3300036.0,2,3
20,4722,1,1,2,3,5,53,6585681.0,2,2
70,1011,2,1,2,3,1,165,,2,2
52,2100,2,2,2,5,6,23,459712.0,2,1
44,141,2,2,2,2,6,97,,2,2
63,4921,2,1,2,1,3,136,7454793.0,2,2
50,6010,2,2,2,5,3,76,2450707.0,1,3
70,4311,2,1,2,5,3,238,,3,2
81,4321,1,2,2,2,3,176,2499840.0,3,2
44,4712,2,2,2,3,7,10,16223435.0,2,3
23,1021,2,2,2,5,2,207,1160612.0,2,2
50,9311,2,2,2,5,2,117,7571948.0,3,2
44,4721,2,2,2,5,3,24,2624309.0,3,2
5,5611,2,2,2,5,7,218,290507.0,2,3
19,4731,2,2,2,5,3,175,736877.0,2,2
23,4731,2,2,2,5,7,234,957004.0,2,2
81,7010,2,2,2,5,9,181,7361171.0,2,9
5,9311,2,1,1,3,4,39,8647297.0,2,3
41,1021,2,1,2,5,7,195,3031671.0,2,1
20,4721,2,2,2,3,9,66,1058826.0,3,3
81,2100,1,2,2,3,8,6,664521.0,2,1
27,9311,2,2,2,5,8,21,,2,2
66,4311,1,1,2,4,9,73,424444.0,1,2
54,4721,2,2,2,5,5,74,,2,3
20,111,1,2,2,2,5,36,33847153.0,1,2
11,111,2,2,2,5,3,131,1062627.0,2,3
11,9311,2,2,2,5,5,233,431042.0,2,2
5,4721,1,2,2,5,8,216,238339.0,2,2
15,4721,2,2,2,3,5,214,35491553.0,9,2
25,5611,2,2,2,4,4,206,3012715.0,2,3
19,4921,2,1,2,5,8,170,698792.0,2,3
23,7010,1,2,2,3,7,173,1580159.0,2,2
19,1021,2,2,1,5,6,44,894887.0,2,3
23,4722,2,2,2,5,5,91,211870.0,2,2
20,6010,1,1,2,3,5,161,5105050.0,2,2
41,4731,1,2,2,2,2,60,,2,3
8,4712,2,2,2,2,4,214,4620347.0,2,1
5,4321,2,1,2,5,8,93,1998406.0,3,9
52,1021,2,2,2,3,8,211,2320966.0,1,2
76,4721,2,2,1,4,1,83,,2,2
76,1021,2,2,2,4,2,198,5893834.0,2,3
81,4721,2,2,2,5,5,237,537147.0,3,3
15,4712,1,1,2,2,9,83,730511.0,2,2
11,4911,2,2,2,3,7,77,1052367.0,2,2
41,4311,2,1,2,5,5,26,167640.0,3,3
20,1021,2,2,2,5,1,214,985527.0,2,1
73,7010,2,2,2,5,6,21,906529.0,2,3
11,1011,2,2,2,1,8,228,1259971.0,1,3
5,4731,1,1,2,3,7,120,257450.0,3,2
11,4321,2,2,2,5,2,130,6035991.0,3,2
15,4712,1,2,2,3,5,175,3196822.0,9,2
50,7010,2,2,2,5,4,108,703027.0,3,2
47,5611,1,2,2,5,9,158,986722.0,3,3
11,1011,1,2,2,2,1,27,5420930.0,2,9
5,4731,2,2,2,5,6,71,1455747.0,3,2
15,8011,2,2,2,5,3,148,447466.0,2,2
76,111,2,1,2,2,9,50,1793518.0,2,2
47,5611,2,1,2,5,5,95,537448.0,2,2
19,4731,1,2,2,3,6,23,847929.0,2,3
23,8011,1,2,2,4,9,141,1865894.0,3,3
50,4921,2,2,2,3,9,81,7033913.0,2,1
50,4731,2,2,2,5,8,132,22476698.0,2,3
25,4921,2,1,2,5,9,142,10171891.0,2,2
44,9311,2,2,2,5,4,20,1818954.0,3,3
66,111,2,1,2,2,6,124,29764285.0,2,3
19,1011,2,1,2,5,5,13,3874484.0,2,2
54,4921,2,2,2,3,5,3,611930.0,2,2
68,141,2,1,2,5,4,218,2220981.0,2,2
13,4721,2,2,2,4,2,218,901396.0,1,1
15,1011,2,1,2,3,6,210,443526.0,2,3
76,4712,2,2,2,3,9,224,484528.0,3,2
19,1011,2,2,2,5,1,206,1661645.0,2,2
44,4921,2,1,2,3,7,175,4901477.0,2,2
50,4921,2,2,2,5,6,131,7144432.0,1,3
27,4711,2,2,2,3,3,129,445226.0,2,2
13,5611,2,2,2,3,1,90,,1,3
44,141,2,1,1,5,4,152,3555153.0,2,3
19,8011,2,2,2,5,9,35,2379094.0,2,3
66,1011,2,2,2,5,2,14,4562839.0,3,2
73,4711,2,2,2,3,3,195,1176868.0,2,2
8,8011,2,2,2,4,2,141,9133853.0,2,2
25,1021,2,2,2,2,2,175,1972691.0,2,1
44,4921,2,2,2,5,8,50,4922213.0,2,2
70,4321,2,2,2,5,3,78,1255534.0,1,2
17,4921,1,2,2,5,7,213,2126672.0,2,1
41,4311,2,2,2,5,8,154,292075.0,3,2
41,4722,1,2,2,4,3,3,726427.0,2,1
68,5611,2,2,2,5,2,179,1545786.0,2,2
27,5621,2,2,2,5,8,40,2235719.0,3,2
76,4731,1,1,2,5,3,196,49497952.0,2,2
19,4321,1,2,2,1,7,164,1253838.0,3,3
5,4921,2,2,2,3,1,51,380039.0,2,2
5,141,2,2,2,4,6,235,15294160.0,2,2
68,4311,2,2,2,3,9,1,7236189.0,2,2
44,4311,1,2,2,3,3,104,494936.0,3,2
23,4321,2,2,2,1,7,239,3465316.0,3,1
11,5621,2,1,2,5,6,161,5401826.0,2,1
19,111,2,2,2,3,8,135,2413503.0,2,9
17,4722,2,2,2,2,3,117,2931387.0,2,3
20,4712,2,2,2,3,3,116,928469.0,1,3
23,6010,1,2,2,5,4,52,3629288.0,2,9
15,4921,2,2,2,5,3,120,1099509.0,2,3
5,4911,2,2,2,5,9,139,82911.0,2,3
66,5621,2,1,2,4,4,155,2509311.0,2,3
25,4712,1,1,2,5,6,142,,2,2
41,4921,2,1,2,3,8,86,6690458.0,9,2
81,6010,1,2,1,3,8,208,510433.0,3,2
50,9311,2,2,1,3,5,46,104442.0,1,2
73,1021,2,2,2,3,5,76,237245.0,3,9
81,9311,2,2,2,4,6,238,1886489.0,2,2
23,1011,1,2,2,5,7,10,2480099.0,3,3
68,4712,1,2,2,5,7,152,363973.0,2,2
54,4921,2,2,2,4,4,61,547508.0,2,2
54,4721,1,2,2,5,6,238,,3,2
68,8011,1,2,2,1,7,18,6367218.0,2,2
41,5611,2,2,2,3,5,86,464121.0,3,2
19,141,2,1,2,5,5,137,3125204.0,3,2
8,5621,2,2,2,5,2,145,246119.0,9,2
11,4311,2,1,2,1,7,230,2896652.0,2,2
54,1021,1,2,2,4,6,128,4910815.0,2,2
15,4712,2,2,2,5,1,104,3719307.0,2,2
54,7010,2,2,2,5,4,186,6538885.0,9,2
81,4731,2,1,2,5,3,141,6036234.0,2,1
54,4722,2,2,2,3,3,178,18188829.0,2,2
54,2100,2,1,2,2,7,101,2258795.0,2,2
8,4722,2,2,2,4,4,6,18253541.0,2,2
8,111,2,1,1,2,8,85,638630.0,2,2
73,4722,2,2,2,5,9,51,1549727.0,2,3
76,9311,2,2,2,5,3,36,1727172.0,3,2
15,4911,2,2,2,3,5,71,567308.0,1,1
5,9311,2,1,2,5,4,100,116682.0,3,2
5,4311,2,1,1,5,6,25,5627399.0,2,2
66,4711,1,2,2,3,4,139,649578.0,2,2
8,111,2,2,2,5,8,44,1225678.0,2,3
70,111,2,2,2,5,3,14,13276449.0,2,3
41,6010,2,1,2,5,5,237,3939254.0,2,2
17,7010,2,2,2,1,1,29,16002471.0,3,3
76,4911,2,1,2,5,6,74,2291316.0,2,2
13,4722,2,1,2,5,5,50,3861596.0,2,2
76,4721,2,2,2,2,8,5,1485399.0,1,2
27,2100,1,2,2,3,9,200,716092.0,3,2
81,4911,1,1,2,5,8,110,3844490.0,2,2
54,5621,2,1,2,1,8,197,1175164.0,2,2
17,4321,2,1,2,5,3,122,4296994.0,1,2
81,4711,2,2,2,5,4,88,999926.0,9,2
15,5611,2,2,2,4,4,232,1606454.0,2,1
68,7010,2,1,2,1,5,57,1768533.0,2,2
8,7010,2,1,2,5,9,26,7219945.0,2,2
17,141,1,2,2,4,9,6,1191569.0,3,2
73,4321,2,2,2,5,1,144,8238988.0,2,2
27,4712,2,2,2,5,8,60,669427.0,3,3
52,6010,2,1,2,5,1,100,2740988.0,2,2
52,4712,2,1,2,5,2,12,868809.0,2,3
5,4722,2,2,2,5,7,75,7563881.0,2,2
23,9311,2,2,2,4,8,3,742370.0,3,2
17,4721,2,1,1,5,1,63,838962.0,2,3
52,4921,2,2,2,5,3,236,439080.0,3,2
11,1021,2,1,2,3,7,192,2243726.0,2,2
68,5621,1,2,2,2,9,190,4029925.0,3,2
13,7010,2,2,2,5,8,229,3540416.0,2,2
66,4321,1,1,2,4,8,134,1667630.0,2,2
11,2100,2,2,2,5,9,19,897484.0,2,2
66,4712,2,2,2,5,3,18,1419171.0,2,3
68,7010,1,2,2,3,8,80,1485652.0,2,2
19,6010,2,2,2,5,1,215,2684842.0,2,1
68,2100,2,1,1,2,8,171,2472210.0,2,3
23,4321,2,2,2,4,7,229,15993019.0,2,2
5,4721,2,1,1,5,8,73,2079344.0,1,2
20,9311,2,2,2,4,1,131,,2,2
19,4911,1,2,2,5,6,126,2160276.0,1,2
63,7010,2,2,2,5,7,72,1339651.0,2,2
20,8011,1,1,2,5,5,38,3032474.0,1,2
5,4731,2,2,2,1,5,68,1196854.0,2,2
27,2100,2,2,2,3,7,204,1848970.0,3,9
63,5611,2,2,2,5,3,172,7969419.0,3,3
76,141,2,1,2,5,6,223,1107447.0,1,2
25,4731,1,1,2,5,7,217,3155989.0,2,3
11,4721,2,2,2,5,1,80,100950.0,2,2
19,4711,2,2,2,3,2,191,1587367.0,2,2
52,5611,2,1,2,4,4,42,,2,2
52,7010,2,2,2,5,8,64,2290572.0,2,1
68,4712,2,2,2,3,6,182,,2,3
54,4721,2,2,2,1,1,78,2349754.0,2,2
8,9311,2,1,2,5,5,127,,1,2
5,4911,1,1,2,3,7,205,3152169.0,2,2
52,111,2,2,2,3,6,105,253325.0,2,2
41,7010,2,1,2,2,9,199,2266380.0,2,2
15,4911,2,2,2,5,8,76,644032.0,2,3
15,8011,2,2,2,5,4,165,8052070.0,3,9
76,1011,2,2,2,5,5,132,631683.0,3,2
23,6010,2,2,2,5,7,130,6545346.0,2,2
23,9311,2,2,2,3,8,227,1955508.0,2,2
11,1011,2,1,2,5,5,122,220904.0,2,3
66,7010,2,2,2,1,9,44,692787.0,2,2
52,6010,2,2,1,3,4,195,,2,2
52,111,2,2,2,5,4,196,5122794.0,2,3
11,2100,2,1,2,5,8,102,416973.0,2,1
68,5621,1,1,2,4,1,204,12934734.0,2,2
81,4721,1,1,2,4,8,211,1925166.0,3,2
73,4911,2,2,2,5,5,202,5733374.0,3,2
81,4721,2,2,2,1,1,62,463142.0,2,2
5,2100,2,2,2,3,4,1,1147230.0,2,2
81,6010,2,1,2,3,2,17,3266027.0,1,2
68,7010,1,1,2,3,4,16,1361644.0,3,2
27,6010,2,2,2,5,8,9,59578.0,3,3
54,5621,2,2,2,3,5,181,1577041.0,9,1
20,9311,2,1,2,3,1,201,187655.0,2,3
13,4911,2,2,2,5,7,59,548624.0,3,1
17,2100,2,1,2,5,1,119,368265.0,2,2
20,4722,1,2,2,3,9,137,7718005.0,3,2
68,1021,2,2,2,2,3,140,11247159.0,3,2
11,5611,2,2,2,4,3,119,2987288.0,2,2
52,8011,2,1,2,5,6,41,1504419.0,2,2
11,4712,2,2,2,5,6,143,2051345.0,3,2
63,1011,1,1,2,5,6,66,7711519.0,2,2
47,4321,2,2,2,5,1,75,183484.0,1,9
63,4921,2,2,2,5,5,11,545728.0,1,2
8,9311,2,2,2,5,6,8,6615003.0,2,2
73,1011,2,2,1,5,8,183,8492764.0,2,2
11,111,1,2,2,1,1,224,4023511.0,1,2
52,111,2,1,2,5,5,134,565821.0,2,3
23,6010,1,2,2,4,3,181,6500949.0,2,2
13,7010,2,2,2,3,2,148,10157462.0,2,2
5,5611,2,2,2,5,8,167,4694491.0,2,2
13,4321,2,1,2,3,7,99,99427.0,1,3
5,4921,2,1,2,5,7,72,2302517.0,2,2
47,4711,1,2,2,5,5,113,4001933.0,2,2
70,5611,2,1,2,4,9,107,1067958.0,3,2
52,1021,2,2,2,5,5,34,2480603.0,2,2
68,1011,2,2,2,3,2,57,1070727.0,3,2
81,4321,1,2,2,4,3,117,705095.0,2,3
20,141,2,2,2,5,4,120,12148411.0,9,3
19,1021,2,2,2,5,5,147,2566573.0,2,2
11,9311,2,2,2,5,3,71,525877.0,2,2
54,4911,2,2,2,4,7,159,380058.0,1,2
5,6010,2,2,2,5,5,210,705612.0,2,2
52,7010,2,2,2,3,5,40,710207.0,2,2
41,8011,1,2,2,5,6,142,2363930.0,1,1
66,2100,2,2,2,4,7,103,3550745.0,2,9
73,4711,1,2,2,5,8,124,3546189.0,3,2
76,4311,2,2,1,1,9,123,806021.0,2,3
73,1011,2,2,2,3,4,100,,1,1
47,111,1,1,2,5,5,209,8652970.0,1,2
17,4711,2,2,2,5,5,165,1451406.0,1,2
17,4712,1,2,2,5,8,172,574649.0,3,3
44,4711,2,2,2,5,9,137,2236312.0,3,2
66,4711,2,2,2,5,7,58,,3,3
73,1021,1,2,2,5,5,148,556845.0,3,3
20,4921,2,1,2,2,3,109,1054528.0,2,2
8,4711,2,2,2,5,1,121,2124231.0,2,2
70,4921,2,1,2,3,9,92,3798044.0,2,3
5,2100,1,2,2,5,5,50,183011.0,3,2
50,5621,2,2,2,5,9,148,9502497.0,3,2
5,4712,2,2,2,5,4,105,9348723.0,2,3
15,5611,2,1,2,5,5,164,1190933.0,2,3
52,5621,1,2,2,5,4,117,51030903.0,3,2
66,6010,1,1,2,5,2,27,8651527.0,1,3
13,111,2,2,2,2,1,200,8115934.0,3,1
11,7010,2,1,1,5,8,32,8244557.0,2,2
54,4712,1,1,2,1,4,1,7964137.0,2,2
54,4311,2,2,2,5,5,17,1931309.0,2,2
41,4911,2,2,2,3,6,137,1714870.0,2,3
47,9311,2,2,2,3,8,84,639035.0,2,3
70,1011,2,2,2,4,8,45,991678.0,2,3
17,4321,2,2,1,4,7,224,1365351.0,3,9
11,4721,2,2,2,5,4,66,2144789.0,2,2
23,5611,2,2,2,2,6,32,13496693.0,3,2
15,1021,1,2,2,5,4,45,159055.0,2,2
81,5611,2,2,2,3,7,9,9958341.0,3,3
54,1021,2,2,2,5,1,30,588745.0,2,1
47,5621,2,1,2,5,5,84,,2,9
70,1021,2,2,2,5,4,166,831280.0,2,2
11,111,2,1,2,5,7,60,18349856.0,2,9
5,4911,1,2,1,3,9,1,1088216.0,3,2
68,1011,2,1,2,5,5,5,3707014.0,2,2
70,1011,2,2,2,4,4,63,3944844.0,2,3
76,111,2,2,2,5,9,227,492865.0,3,3
5,2100,2,1,2,5,5,164,1765378.0,2,2
11,7010,2,1,1,1,9,65,8412182.0,3,3
63,5621,1,1,2,5,8,78,695313.0,2,3
25,4321,2,2,2,5,4,201,5361523.0,3,1
73,2100,2,2,2,3,7,222,1332682.0,2,2
11,8011,2,1,2,2,5,152,8011470.0,9,2
20,4722,2,2,2,2,4,132,16142987.0,2,2
47,5611,2,2,2,5,5,114,178187.0,2,3
81,4721,2,2,1,5,5,206,398012.0,1,2
63,1021,2,2,2,2,9,217,1171491.0,2,2
50,4311,1,2,2,4,9,196,11507497.0,2,2
73,6010,2,2,2,5,6,25,3756353.0,2,2
76,4321,2,1,2,5,4,202,,2,2
8,111,2,1,2,1,2,227,4478077.0,3,2
25,4911,2,1,2,3,3,135,662329.0,1,2
8,4911,1,1,2,5,2,234,5635736.0,3,2
54,4921,2,2,2,1,5,141,3785762.0,1,9
20,4921,1,2,2,3,6,196,658859.0,2,2
5,141,2,2,2,5,5,43,1831882.0,3,2
23,141,2,1,2,5,2,57,8620214.0,3,2
27,6010,1,2,1,3,5,164,204752.0,2,2
73,4722,2,2,2,2,9,142,2845731.0,1,2
52,4921,1,2,2,1,4,210,525297.0,2,3
19,1011,2,1,2,3,2,72,1944615.0,2,1
25,141,2,2,2,5,3,224,3434269.0,2,9
76,4911,1,2,2,4,3,27,,2,1
11,111,2,2,2,5,9,128,1921165.0,2,3
63,5611,1,2,2,5,4,106,11508895.0,1,3
81,111,2,1,2,4,1,165,723171.0,3,2
44,141,2,1,2,3,1,215,,3,2
19,4731,2,2,2,5,7,71,4010675.0,1,2
13,1021,1,2,2,5,7,204,2525913.0,2,2
44,4721,2,2,2,5,2,153,1336944.0,1,3
68,4311,2,2,2,2,9,67,1294173.0,3,2
5,141,2,1,2,5,9,90,9820213.0,2,2
20,4721,2,2,2,5,5,4,1402643.0,2,3
47,7010,2,2,2,5,3,106,582439.0,1,9
52,4711,2,2,2,2,3,228,710802.0,1,2
47,5621,2,2,2,5,3,79,4429872.0,2,3
41,4911,2,2,2,5,6,96,29734749.0,3,2
66,9311,2,2,1,4,4,93,1057291.0,2,3
76,2100,2,2,2,5,8,74,26123624.0,2,3
50,4731,1,2,2,2,5,213,,2,3
8,4722,2,2,2,3,1,126,1417244.0,2,2
8,4911,2,2,2,3,9,16,665083.0,2,2
76,2100,2,1,2,5,1,239,1563415.0,2,2
73,111,2,1,2,3,6,147,800211.0,2,2
66,9311,2,1,2,5,1,157,726753.0,9,2
73,141,1,2,2,5,3,116,273085.0,3,3
73,1021,1,2,2,3,5,179,16507741.0,2,2
54,4722,2,2,2,5,7,18,,3,2
68,4712,2,1,1,5,8,186,2746726.0,9,3
25,4722,2,2,2,5,9,172,1668075.0,1,3
17,4712,2,2,2,5,6,16,1969526.0,1,2
50,7010,2,2,1,5,9,193,780515.0,1,2
73,4712,2,2,1,2,8,130,508580.0,2,3
27,4722,2,2,2,5,9,56,4689783.0,3,3
15,5611,1,1,2,2,4,79,1447477.0,2,2
5,5621,2,1,2,5,9,103,2931083.0,2,2
20,4311,2,2,2,3,7,28,269702.0,2,2
70,141,1,2,2,5,5,193,1357948.0,1,2
41,141,2,2,2,5,5,5,496812.0,2,2
41,4911,2,1,1,5,1,106,3544355.0,1,2
15,4721,2,2,2,3,2,22,6545795.0,1,2
19,4921,2,2,2,4,3,117,11428711.0,3,3
13,111,2,2,2,5,8,100,932126.0,3,2
17,1011,1,1,2,5,6,238,512225.0,3,2
44,7010,2,1,2,2,5,13,1199826.0,3,9
68,4711,2,2,2,5,1,65,856684.0,3,2
50,4721,1,2,2,5,9,144,3326662.0,2,2
11,1011,2,1,2,3,3,233,368303.0,2,3
76,4722,2,1,2,5,3,86,241524.0,2,2
20,8011,2,2,2,5,2,64,1308329.0,2,3
68,4311,2,2,2,5,4,32,4741230.0,2,2
52,4911,1,2,2,3,2,80,577839.0,3,2
44,6010,2,2,2,5,9,51,5492729.0,2,3
63,6010,2,2,2,5,7,79,3073738.0,2,2
25,4712,2,1,2,4,8,186,12687841.0,2,3
66,4731,1,2,2,5,3,174,757133.0,2,2
54,4731,2,2,2,5,6,180,288437.0,9,2
81,5611,2,2,2,5,6,106,4066324.0,2,3
66,4921,2,2,2,2,1,63,2774134.0,2,2
76,1021,1,1,2,5,6,76,2528148.0,2,2
15,7010,2,1,2,4,3,60,563885.0,3,1
70,6010,2,2,1,3,3,65,5026229.0,2,2
76,5621,2,1,2,3,3,117,,2,3
23,2100,2,1,2,5,8,81,2526821.0,3,3
41,4712,2,2,2,5,5,105,1142258.0,2,3
70,5621,2,2,2,4,4,128,3033591.0,2,3
5,5611,1,2,2,5,9,183,472523.0,2,2
5,9311,2,2,2,2,9,185,3611428.0,3,2
50,4712,2,2,1,5,1,220,4364905.0,2,3
8,4721,2,2,2,5,2,71,2278832.0,2,2
73,4731,1,2,2,5,8,201,14255823.0,2,2
52,4731,1,2,2,3,5,86,2542332.0,2,3
20,4711,2,2,2,5,7,154,5971474.0,2,1
44,1011,2,2,2,3,1,140,2215303.0,1,2
70,4911,2,2,2,4,5,71,5364311.0,1,2
5,4722,1,2,2,5,3,46,314907.0,2,3
52,4921,2,2,2,5,2,47,2062715.0,2,2
19,7010,2,1,2,3,2,79,512818.0,2,2
15,4321,1,2,2,5,9,166,2346681.0,2,9
73,4311,1,1,2,5,4,149,3144078.0,2,3
76,4721,2,2,2,4,4,142,5225166.0,2,3
11,6010,2,2,2,5,7,130,3569342.0,9,1
41,8011,2,2,2,5,2,200,1323481.0,2,2
52,4311,2,2,2,5,3,127,802659.0,2,2
66,4311,2,2,2,5,3,109,119249.0,2,2
15,4911,1,2,2,5,6,119,2153539.0,2,1
73,1021,2,2,2,3,3,198,7767306.0,3,2
47,4711,2,2,2,5,5,229,2258185.0,2,2
15,4731,2,1,2,5,4,101,1791023.0,2,3
50,2100,2,1,2,2,3,161,2354099.0,2,3
54,1011,2,2,2,5,8,233,1245127.0,2,1
47,4321,2,2,2,5,3,6,2505406.0,2,2
68,4911,2,2,2,5,6,218,1219612.0,2,2
15,4711,2,2,2,4,7,126,674240.0,3,2
41,2100,2,1,2,2,7,103,1811456.0,3,2
52,4321,1,1,2,5,2,233,,2,2
52,4731,1,2,2,2,3,37,18815736.0,2,3
70,7010,2,1,2,5,4,142,754018.0,3,3
19,4731,2,2,2,3,7,37,1637481.0,1,2
13,4911,1,2,2,3,2,8,1457162.0,2,3
5,4731,2,2,2,4,3,231,1158666.0,3,2
15,9311,1,1,2,4,7,77,3670088.0,2,3
76,9311,2,1,2,5,7,141,29079837.0,1,2
25,4911,2,1,2,4,3,40,1349179.0,2,2
73,7010,2,2,2,3,1,107,3682393.0,2,3
15,7010,2,2,2,3,3,92,199816.0,9,1
13,5611,2,1,2,5,5,186,1236461.0,2,3
8,4911,1,2,2,2,7,18,12817081.0,9,3
68,2100,2,2,2,5,4,57,1856165.0,2,3
25,111,2,1,2,5,1,83,3622982.0,2,1
66,6010,2,2,2,5,6,166,939120.0,2,2
5,4712,2,2,2,5,2,32,2700827.0,2,3
81,1021,1,1,2,5,3,214,14066849.0,2,9
15,4731,2,2,2,5,4,194,492820.0,2,2
44,2100,2,2,2,3,6,205,27339716.0,3,3
13,4711,2,2,2,2,6,215,310167.0,9,3
52,4721,2,2,2,3,7,25,1107258.0,2,2
81,5611,2,2,2,5,5,220,727158.0,2,3
52,4731,2,2,2,5,7,186,1429802.0,3,2
76,4731,1,2,2,5,2,203,715914.0,2,2
8,4711,1,2,2,2,1,33,653655.0,1,2
54,9311,2,2,2,5,8,88,477301.0,3,2
68,141,2,1,2,4,1,194,4294580.0,1,3
81,6010,2,2,2,1,2,158,1490243.0,2,2
41,4911,2,2,2,4,6,209,1088800.0,2,3
63,4311,1,2,2,1,1,104,2782076.0,2,3
11,2100,2,2,2,5,3,34,329864.0,2,3
5,111,2,1,2,3,7,102,2863763.0,2,2
5,4321,2,2,2,5,8,127,1771747.0,9,1
66,4712,2,1,2,5,4,214,1838305.0,2,2
27,111,2,2,2,5,3,69,,2,3
15,5621,2,2,1,5,1,176,14249449.0,2,2
41,7010,1,2,2,4,9,40,2921388.0,3,9
11,4321,2,2,2,5,6,179,1559928.0,9,3
5,111,1,2,2,5,6,80,479657.0,3,3
5,4911,1,2,2,2,9,141,112534.0,2,2
20,5611,1,2,2,5,1,218,,9,2
25,2100,2,2,2,3,6,31,,2,3
27,4921,2,2,2,1,5,116,94059.0,2,2
41,2100,2,1,2,5,6,167,1301405.0,2,3
44,8011,1,1,2,5,8,63,2642875.0,2,3
41,111,2,2,2,3,5,48,4843579.0,3,3
47,4311,2,2,2,5,2,87,7085073.0,2,3
8,1011,2,2,2,5,2,48,5670878.0,2,2
66,111,2,1,2,5,5,61,5856660.0,2,1
63,4711,2,2,2,3,3,140,340549.0,2,3
11,1011,2,2,2,5,3,78,1656943.0,2,2
76,5611,2,1,2,3,8,184,3976062.0,2,2
54,4731,2,2,2,5,7,18,2096226.0,1,2
20,7010,2,2,2,2,1,155,1645937.0,2,1
25,7010,2,2,2,1,5,28,2050733.0,3,1
8,4712,2,2,2,5,9,210,2662139.0,3,3
66,4711,1,2,2,4,4,80,1807992.0,9,2
23,4321,1,1,2,3,1,180,718172.0,3,2
19,4311,1,2,2,3,8,16,256943.0,2,3
13,111,2,2,2,5,5,77,1552174.0,3,2
70,111,2,2,2,1,2,186,2124356.0,2,2
63,9311,1,2,2,5,1,221,2096742.0,3,3
44,1011,2,2,2,2,3,137,,2,3
27,7010,2,2,2,3,9,26,,3,2
81,1011,2,1,1,4,1,28,1750081.0,2,9
13,9311,2,2,2,5,4,105,1765178.0,1,3
70,4911,2,2,2,4,8,77,3944190.0,2,1
13,1011,1,2,2,3,8,164,3308012.0,2,2
25,6010,2,2,2,5,8,9,1165814.0,9,3
15,4722,2,1,2,5,8,175,4372373.0,2,2
23,4711,2,2,2,1,4,206,1663360.0,2,2
81,4711,2,2,1,4,8,51,1706349.0,3,3
11,141,2,2,2,5,9,76,3336178.0,2,2
54,8011,1,2,2,3,7,122,1381388.0,2,2
11,6010,1,2,2,2,2,185,2221308.0,2,2
52,8011,2,1,2,5,9,32,2833584.0,2,2
13,4731,1,2,2,5,8,230,5286221.0,3,2
63,1021,1,1,2,5,5,195,4865931.0,3,2
54,4712,2,2,2,2,3,57,2731751.0,9,2
19,111,2,1,2,2,7,54,86636.0,1,2
81,5611,2,1,2,5,2,116,2655174.0,2,3
76,1021,2,2,1,3,3,144,3196167.0,1,3
15,4711,2,2,2,5,9,62,4077989.0,3,2
41,1021,2,2,2,5,4,84,629555.0,2,3
54,8011,1,2,2,3,4,224,155361.0,1,3
76,4921,2,2,2,5,3,56,5216848.0,2,3
44,1021,2,2,2,5,5,23,456145.0,2,2
76,4921,2,2,2,5,3,17,8594245.0,3,1
11,1021,2,1,2,2,9,208,990155.0,2,3
23,4321,2,2,2,2,3,166,578036.0,2,2
54,4722,2,2,2,5,2,200,3016314.0,2,2
54,4712,2,2,2,3,5,211,4153289.0,3,2
68,5611,2,2,2,5,6,158,3866629.0,2,9
52,6010,1,1,2,3,1,186,3619811.0,2,2
73,4722,2,1,2,5,6,226,848013.0,2,2
44,5611,2,2,2,4,3,78,317333.0,2,2
66,141,1,2,2,5,4,22,1242210.0,3,3
54,5611,2,1,2,2,6,108,501395.0,2,2
13,4712,2,2,2,4,8,17,3331917.0,3,2
41,111,2,2,2,3,9,15,5660922.0,2,2
23,4921,2,2,2,5,6,114,,3,2
66,1021,2,2,2,1,7,48,1980512.0,3,2
41,141,2,1,2,5,5,160,1366114.0,2,1
23,4921,2,2,2,5,9,205,6429575.0,2,3
19,4321,1,2,2,3,4,213,220452.0,2,2
47,4711,2,2,2,5,6,113,466315.0,2,3
68,5621,2,2,2,1,5,168,,2,2
66,7010,2,1,2,5,1,97,439788.0,2,2
50,4711,2,2,2,5,5,185,3749916.0,3,2
52,4911,2,1,2,3,5,186,4800103.0,2,1
70,5621,1,2,2,4,9,91,,3,2
15,7010,2,2,2,2,1,227,247419.0,2,2
11,141,2,1,1,5,5,16,9044407.0,2,3
41,4711,2,2,2,1,7,156,616903.0,3,2
68,9311,1,1,2,5,6,98,637456.0,2,2
70,9311,1,2,2,4,6,111,,2,2
13,4721,2,2,2,5,7,1,618728.0,3,2
70,4911,2,2,2,3,6,41,3728517.0,3,2
76,5611,1,2,2,5,5,48,480006.0,2,2
52,4321,2,2,2,5,5,159,187416.0,2,2
19,4721,1,2,2,5,9,164,7941619.0,2,1
44,1011,2,2,2,2,8,108,509154.0,1,2
70,6010,2,2,2,3,4,161,,2,2
25,6010,2,1,2,3,4,161,5367267.0,2,2
19,4311,1,2,2,5,5,103,,2,2
47,4712,2,1,2,3,3,128,7533042.0,3,2
15,6010,1,2,2,5,8,210,5466617.0,3,2
11,1021,2,2,2,3,7,151,1150702.0,2,2
76,4721,2,1,2,5,5,188,6758448.0,1,2
27,1011,1,2,2,5,3,215,2424965.0,2,1
27,8011,2,2,2,5,5,207,966981.0,2,2
63,4712,2,2,2,4,3,218,2809401.0,2,2
50,5611,2,1,2,3,5,30,411944.0,1,2
41,4911,2,2,2,1,1,217,5393026.0,2,2
23,4731,1,2,2,3,6,45,4615554.0,3,3
25,4712,2,2,2,5,4,80,2290842.0,3,3
41,8011,2,1,2,5,4,39,198406.0,3,2
54,4731,2,2,2,5,8,45,7923041.0,2,3
17,7010,2,1,2,4,2,78,3350135.0,2,2
19,4911,2,2,2,5,4,81,1928879.0,1,2
47,4722,2,2,1,5,2,140,1596301.0,3,9
44,7010,2,2,2,5,1,93,,2,3
20,4321,2,2,2,3,3,32,1311438.0,2,9
25,8011,2,2,2,4,8,184,4990566.0,2,2
23,5611,2,2,2,5,6,24,,2,2
63,6010,2,2,2,5,7,116,1426646.0,1,2
8,111,2,2,2,5,2,13,1701274.0,1,2
15,4911,2,2,2,3,6,148,1758133.0,2,2
15,4321,2,2,2,1,8,79,944702.0,2,3
17,4921,1,2,2,5,8,56,1616478.0,2,2
66,4321,2,2,2,5,4,53,2993568.0,1,2
20,8011,1,2,2,3,6,68,669465.0,3,2
52,7010,2,2,2,5,5,182,1625482.0,2,2
44,7010,1,1,2,5,9,34,20119117.0,2,1
5,4722,1,2,1,5,8,28,1838070.0,2,9
73,4321,1,2,1,3,2,50,649197.0,9,2
68,141,1,1,2,5,7,130,564167.0,1,1
54,7010,2,1,2,5,7,111,434419.0,2,3
19,4722,2,2,2,4,1,94,13971636.0,2,9
44,4921,2,2,1,5,1,154,6646672.0,2,3
13,141,2,2,2,5,4,179,421868.0,2,3
13,4712,2,1,2,5,5,47,2562381.0,2,2
17,6010,2,2,2,4,4,26,8621789.0,9,3
66,4722,2,1,2,5,7,84,1888773.0,3,1
41,8011,2,2,2,5,3,106,1099167.0,3,3
73,2100,2,1,2,3,7,92,29182494.0,1,2
19,6010,2,1,2,5,8,120,201508.0,3,1
25,7010,2,1,2,5,6,212,,2,2
66,4721,2,2,2,5,6,75,2130780.0,2,2
19,1011,2,1,2,2,8,122,9327859.0,3,3
11,8011,2,2,2,5,8,202,469425.0,2,1
44,4311,2,2,2,2,7,189,830097.0,2,3
44,4722,2,2,2,2,6,151,,1,2
63,111,2,2,2,5,6,165,1756375.0,2,2
68,4712,1,2,2,4,6,41,2868418.0,3,3
20,9311,2,1,2,5,8,52,7132428.0,2,2
23,4921,1,2,2,2,1,211,254295.0,1,2
19,4722,2,1,2,4,5,237,2393484.0,2,1
5,4321,2,1,2,3,3,82,5803029.0,3,2
11,5621,1,2,2,5,8,177,7265321.0,1,9
44,4911,1,2,2,5,6,155,1168669.0,2,3
54,4311,1,2,2,5,2,134,1186251.0,3,3
81,5621,2,2,2,3,7,74,1775460.0,1,2
5,4921,2,2,2,2,7,66,2478745.0,2,2
17,5621,2,1,2,5,5,24,9465057.0,3,2
70,9311,2,1,2,3,8,166,464113.0,2,2
17,4311,2,1,2,4,5,28,771811.0,3,2
41,4311,2,1,2,5,1,156,401236.0,1,2
44,4722,2,2,2,1,9,117,3312801.0,3,2
44,2100,2,2,2,5,4,237,7434499.0,3,2
50,4722,2,1,2,5,2,114,360353.0,2,2
70,5621,1,2,2,3,4,231,2205454.0,1,3
52,4711,2,2,2,2,9,194,6816140.0,9,2
73,4911,2,2,2,3,2,61,5083223.0,2,3
70,4921,2,1,2,5,4,174,5011794.0,2,3
27,4311,2,1,2,5,2,69,475512.0,2,2
15,7010,1,1,2,3,5,114,4991870.0,3,1
13,4921,1,1,2,2,3,75,1586259.0,3,1
11,1021,2,2,2,5,2,202,7161243.0,2,2
66,1021,1,1,2,5,9,171,3399027.0,2,3
68,7010,2,2,2,4,5,59,745193.0,3,3
63,4311,2,2,2,4,5,130,2770599.0,3,9
50,4311,1,2,2,3,1,15,5294712.0,2,1
23,1011,2,2,2,5,6,231,1079882.0,9,9
54,8011,1,1,2,5,7,105,2314171.0,3,2
47,9311,2,2,2,3,1,165,398741.0,2,3
50,4731,2,2,2,5,9,199,3831773.0,3,2
5,4722,1,1,2,4,8,148,1853309.0,2,1
70,111,1,1,2,4,8,98,5938123.0,1,2
73,141,2,2,2,3,7,35,3704430.0,2,3
73,4722,2,2,2,5,5,162,1216382.0,3,2
11,5621,1,2,2,5,3,214,718095.0,9,2
52,4311,2,2,2,5,9,31,544879.0,2,3
76,111,2,2,2,3,7,127,,2,3
27,141,2,1,2,3,8,215,5748882.0,2,1
41,4722,2,2,2,2,6,19,240982.0,3,3
25,4311,2,1,2,5,5,196,572135.0,3,2
52,4711,2,1,2,3,8,24,5558280.0,2,2
20,111,2,2,2,5,3,84,,2,2
17,4731,2,2,2,4,7,167,609387.0,2,2
41,7010,1,2,2,4,2,92,564575.0,2,2
81,9311,2,2,2,5,3,182,10730409.0,2,2
70,4721,2,2,2,4,2,167,1709457.0,3,2
20,4911,2,1,2,2,5,145,677760.0,1,3
13,4712,2,1,2,3,7,147,6945062.0,2,3
20,4711,2,1,2,5,1,118,3627945.0,2,2
63,9311,2,2,2,5,9,176,,2,2
15,8011,2,2,2,3,1,163,721489.0,2,2
23,4731,2,2,2,5,1,160,3108933.0,2,3
13,7010,1,2,2,3,8,175,8846596.0,2,2
73,4721,2,2,2,3,6,238,4277816.0,3,2
54,5621,2,1,2,1,6,47,5979478.0,2,2
23,4321,1,2,2,5,9,192,10678800.0,3,2
5,4311,2,2,2,3,4,174,3312466.0,2,2
70,1021,2,2,2,3,8,103,,2,3
68,6010,2,2,2,3,4,121,5680406.0,2,2
44,4921,1,1,2,2,2,163,526051.0,9,2
52,4712,2,2,2,5,8,94,1518474.0,2,2
44,4721,2,2,2,2,7,145,4015590.0,2,3
47,5621,2,1,1,2,4,42,,3,2
11,111,2,2,2,5,9,111,2684368.0,2,2
17,4721,2,2,2,3,9,29,2840672.0,3,2
63,4311,1,2,2,5,8,198,507310.0,2,3
66,5621,2,1,2,5,1,124,2931523.0,2,2
15,1021,2,2,1,3,7,17,2490360.0,2,2
50,9311,2,2,2,5,5,209,2065258.0,3,3
8,4321,2,2,2,2,7,14,8263184.0,2,9
25,5621,2,2,2,5,9,152,5692677.0,2,2
81,6010,2,2,2,4,2,185,,2,9
63,141,2,2,2,3,4,50,580087.0,2,2
44,4722,2,2,2,5,4,57,,3,2
15,5611,2,2,1,5,2,229,8213762.0,2,2
76,4311,2,1,2,5,3,189,1532492.0,2,2
81,5621,2,2,2,5,8,104,12802031.0,2,2
5,4921,2,1,2,4,9,39,4426111.0,2,2
73,6010,2,2,2,3,6,183,15424576.0,2,3
5,4722,2,2,2,3,2,96,550840.0,2,3
63,1011,1,2,2,5,2,36,1646909.0,3,2
50,4731,2,2,2,4,7,114,1844728.0,9,2
54,4711,2,2,2,5,8,37,4103734.0,2,2
27,4722,2,1,2,4,8,14,817235.0,3,2
70,4721,2,2,2,4,6,155,288044.0,1,2
73,1021,2,2,2,4,8,123,3121540.0,2,2
54,1011,2,1,2,5,1,83,1277265.0,2,2
44,4711,2,1,2,5,9,159,1127105.0,2,2
5,5611,2,2,2,5,1,238,863396.0,2,3
8,1021,2,2,2,3,3,73,2300567.0,3,3
23,5621,2,2,2,5,9,102,544580.0,3,3
11,4722,1,2,2,1,5,81,1570595.0,1,2
5,4921,2,1,2,5,9,83,733471.0,2,2
70,9311,2,2,2,5,9,44,954542.0,9,2
52,4712,2,2,2,4,6,68,3031512.0,2,2
76,4731,1,2,2,5,1,48,4332658.0,2,2
17,4911,2,2,1,5,7,57,1373227.0,2,2
54,1011,1,2,2,1,6,75,6333708.0,2,2
15,5611,2,2,2,5,9,22,617073.0,2,2
15,1011,2,2,2,4,7,132,320014.0,3,2
17,111,2,1,2,3,4,209,398877.0,3,2
11,4721,1,2,1,2,7,200,545529.0,2,9
70,4911,2,2,2,4,2,46,410252.0,3,3
76,4721,2,2,1,5,6,187,22418222.0,2,1
15,5611,2,1,2,4,6,162,308579.0,1,2
70,4712,2,2,1,5,2,11,6106807.0,3,3
15,4911,1,1,2,4,4,31,1923862.0,2,2
25,4712,2,2,2,5,8,139,2596099.0,2,3
25,5611,2,2,2,5,8,120,668722.0,2,2
66,9311,2,2,2,5,8,56,2930088.0,9,3
54,4721,1,1,1,2,8,38,662183.0,3,3
70,4712,2,2,2,4,1,21,6000296.0,3,2
47,2100,2,2,2,3,2,110,6626691.0,2,2
23,1011,2,2,2,5,4,94,1686499.0,3,2
47,4911,1,2,2,5,9,138,1824402.0,2,2
5,4722,2,2,2,2,3,154,3332617.0,9,2
66,4731,1,2,2,2,6,219,3134346.0,1,2
44,4921,2,1,2,5,7,136,6776529.0,2,2
44,7010,2,1,2,3,8,231,6550258.0,2,2
13,8011,2,2,2,5,7,8,1915311.0,3,3
5,4311,2,2,2,5,3,188,1118311.0,3,1
54,8011,2,2,2,5,6,72,5251076.0,2,2
20,4911,2,2,2,2,5,119,1643694.0,2,2
8,9311,2,1,2,2,4,34,2272730.0,3,2
20,8011,2,2,2,5,1,144,3746675.0,1,2
19,4911,2,2,2,5,7,105,6392706.0,3,9
8,1011,2,2,2,4,8,141,2711514.0,3,2
73,2100,1,1,2,3,2,87,980053.0,1,2
73,4721,2,2,2,5,7,204,17131208.0,1,1
11,8011,1,2,2,5,6,219,,2,2
63,4921,2,1,2,5,5,150,584432.0,1,3
41,141,2,2,2,5,4,224,663891.0,2,2
5,1011,2,1,2,1,2,155,772033.0,3,2
73,4731,2,2,2,2,6,64,5489024.0,2,1
41,2100,2,2,2,5,5,2,17933335.0,2,9
15,1011,2,2,2,5,2,109,1080000.0,2,1
54,4911,2,2,2,3,7,225,2429320.0,2,3
52,4711,2,2,2,3,6,26,803612.0,3,2
50,2100,1,1,2,5,9,220,15252154.0,2,2
76,5611,2,1,2,2,5,83,,2,2
50,111,2,2,2,4,9,107,737069.0,3,2
15,1011,2,2,2,5,9,69,159084.0,2,2
70,5621,2,2,2,5,1,97,6886713.0,2,2
47,4711,2,2,2,5,5,212,997510.0,2,1
8,8011,1,2,2,4,9,30,5450830.0,3,3
27,4911,2,2,2,5,7,237,2820510.0,2,1
66,5611,2,2,2,5,6,8,219442.0,3,2
19,2100,2,2,2,5,6,38,753035.0,3,2
17,4712,2,2,2,5,7,189,1296302.0,2,2
8,6010,2,1,2,3,1,81,881210.0,2,2
17,4722,1,1,2,2,4,108,2279352.0,1,2
63,4711,2,1,2,2,1,65,3209602.0,2,2
8,111,2,1,2,3,6,67,16974655.0,3,2
63,4921,1,2,2,5,4,174,3494343.0,2,2
50,4712,2,2,2,5,1,90,11867584.0,2,3
66,1021,2,2,2,5,9,95,1118858.0,3,2
8,4712,2,2,2,5,4,72,8026475.0,2,2
68,1021,2,2,2,4,6,43,1254894.0,2,3
17,4711,1,1,2,4,7,187,659725.0,2,1
5,4321,2,1,2,4,8,46,627104.0,2,2
81,4721,1,1,2,3,9,200,83254.0,9,2
50,2100,2,2,2,2,9,125,,2,3
76,4722,1,1,2,5,8,163,421580.0,2,9
25,111,2,2,2,5,3,39,10743100.0,2,3
66,5611,2,2,2,3,2,220,1608697.0,2,2
54,4721,2,2,2,1,5,51,306864.0,2,2
15,4321,2,1,2,5,1,4,518514.0,2,2
13,7010,2,2,2,3,3,121,2492413.0,3,2
25,4731,2,2,2,5,1,80,207741.0,3,9
81,2100,2,2,2,5,3,77,4024591.0,2,2
54,4311,1,2,2,5,4,212,321386.0,2,2
25,4911,2,1,2,4,7,179,816864.0,1,3
54,7010,2,1,2,5,5,133,2516713.0,1,3
68,9311,2,2,2,5,5,55,3475096.0,2,1
81,4311,2,2,2,5,1,229,,2,1
15,5611,2,2,2,4,8,20,413389.0,2,2
8,111,2,2,2,3,4,152,1369363.0,2,2
17,4921,1,2,2,5,5,164,7360212.0,3,2
70,4721,1,2,2,5,2,34,1369759.0,2,2
8,4311,2,2,2,5,1,122,2822488.0,3,9
44,6010,2,2,2,5,9,109,2409493.0,2,2
27,5611,1,2,2,5,2,126,,2,2
27,4721,2,2,2,2,6,54,1133599.0,3,2
52,8011,2,1,2,5,1,162,374018.0,2,2
27,5621,2,1,2,5,1,211,620669.0,3,2
66,2100,2,2,2,5,9,145,2487062.0,1,3
50,6010,1,1,2,5,4,133,301507.0,2,3
76,1021,2,1,2,2,9,89,1031684.0,2,2
76,7010,2,1,2,5,5,146,2170568.0,2,3
52,4721,2,2,2,1,7,183,790238.0,3,2
27,4712,2,2,2,4,1,53,2935017.0,3,2
73,4712,2,2,2,5,6,50,4729330.0,3,2
52,4721,2,1,2,2,8,72,3422529.0,2,3
20,111,2,2,2,5,1,219,309586.0,2,1
13,6010,2,2,2,1,9,207,2180399.0,2,2
20,2100,2,2,1,3,3,173,2395088.0,2,3
13,111,2,2,2,5,1,141,1255298.0,9,2
81,4311,1,1,2,5,1,16,2887706.0,2,2
11,4712,1,2,2,5,6,214,2765990.0,2,1
11,4711,2,2,2,5,6,212,,2,3
63,4722,2,2,2,5,1,13,594142.0,3,2
66,6010,2,2,2,4,3,20,1920420.0,3,2
66,4711,1,2,2,1,7,66,18630621.0,2,3
70,6010,2,2,2,2,3,227,1238277.0,1,2
15,8011,2,2,2,5,3,47,6967496.0,2,1
63,6010,2,2,2,5,3,147,2077401.0,2,2
25,2100,2,2,2,4,7,173,758520.0,9,3
73,4721,1,1,2,5,4,165,1388985.0,2,9
70,4721,2,2,2,5,4,122,,2,2
17,1021,2,2,1,2,3,54,4352468.0,2,2
5,5611,2,2,2,3,9,6,34485673.0,2,3
15,4921,2,1,2,5,2,14,2117184.0,3,3
23,4712,2,2,2,5,4,132,452692.0,1,2
41,1011,2,2,2,5,8,86,272258.0,2,2
47,4712,1,2,2,2,6,183,1195241.0,9,2
8,4722,2,2,2,5,7,231,512109.0,2,2
54,7010,2,2,1,3,7,228,3872797.0,3,3
47,4722,1,1,2,1,2,162,3907103.0,2,2
44,4921,1,2,2,5,4,27,1664157.0,2,2
23,4911,2,1,2,3,6,7,4363843.0,1,2
50,4921,1,1,2,5,3,131,2142987.0,2,2
73,6010,2,2,2,3,9,175,18644999.0,2,2
50,2100,2,2,2,5,4,225,4203171.0,2,2
81,111,2,2,2,5,2,2,5807963.0,2,2
27,5611,2,2,2,3,6,234,348797.0,2,2
52,4321,2,2,2,5,1,80,486269.0,2,2
54,4712,2,2,2,3,6,153,3522234.0,3,3
13,141,1,1,2,5,1,60,308949.0,1,9
5,141,2,2,2,3,8,207,937178.0,2,2
20,4731,2,2,2,3,5,24,8164410.0,3,3
54,141,2,2,2,3,6,15,913440.0,2,2
11,4712,2,1,2,3,2,95,464316.0,1,2
68,4311,2,2,2,5,2,142,,2,9
50,4712,1,1,2,4,9,182,23872523.0,2,2
50,4321,1,1,2,3,3,206,751349.0,2,1
81,111,2,2,2,4,6,134,8613410.0,3,9
73,7010,2,2,2,3,5,206,647057.0,3,3
47,1021,1,2,2,5,4,81,1732435.0,2,2
76,141,2,2,2,5,2,18,1824908.0,2,9
47,1021,1,2,2,4,8,20,775778.0,1,2
81,4721,2,2,1,5,7,115,5668722.0,3,2
8,1021,2,2,2,5,2,190,312492.0,1,2
44,6010,1,1,1,3,6,209,2505645.0,2,2
47,141,2,2,2,5,8,208,7195723.0,2,3
81,5621,2,2,2,5,7,40,5129897.0,2,2
66,8011,2,2,2,5,1,39,3574936.0,2,2
19,8011,2,2,2,5,5,180,13287831.0,2,2
11,4711,1,2,2,4,2,32,1523405.0,3,2
50,4722,2,2,2,5,6,124,318166.0,2,2
76,4722,2,2,2,5,7,108,2332026.0,2,9
47,5621,2,1,2,5,7,201,1705016.0,3,2
27,1011,2,2,2,5,3,27,156531.0,2,2
50,9311,2,2,2,3,7,110,513948.0,2,2
44,4731,2,2,2,5,5,180,441021.0,2,3
63,5621,1,1,1,5,8,97,746059.0,2,2
17,2100,2,2,2,1,8,191,1300931.0,2,2
11,2100,2,2,2,3,7,74,1362117.0,3,2
66,4722,2,2,2,5,6,191,778741.0,3,2
50,5611,2,2,2,2,2,17,440327.0,2,2
76,5621,1,2,2,1,6,49,,1,2
15,111,2,2,2,4,9,228,2280456.0,2,3
25,4731,2,2,2,3,2,81,2364331.0,2,2
19,2100,2,2,2,4,1,210,16765159.0,2,3
54,4721,2,1,2,3,5,116,2410750.0,2,3
19,5621,2,2,2,3,6,23,1276982.0,2,3
73,6010,2,2,2,5,3,98,1746340.0,2,9
41,5621,2,2,2,5,8,72,2232389.0,2,3
54,4731,2,1,2,3,7,141,4151382.0,2,2
44,4731,2,2,2,3,2,151,1879160.0,2,2
68,4712,2,1,2,5,7,57,192623.0,9,2
13,5611,2,1,2,2,1,190,1173970.0,2,3
25,7010,2,2,2,2,9,182,1986315.0,3,2
11,4311,2,2,1,2,7,148,9483290.0,3,2
23,5621,2,2,1,5,6,86,,3,2
44,4731,2,2,2,5,2,239,278643.0,1,3
63,4711,2,1,1,5,3,180,2142004.0,3,3
50,4921,2,2,2,5,1,23,5606764.0,2,2
13,111,1,2,2,5,5,105,1236620.0,1,2
50,4921,2,1,2,5,9,163,34610213.0,2,2
73,111,2,2,2,5,6,67,26088304.0,2,1
8,4731,2,2,2,1,5,34,1817609.0,2,2
50,4921,1,2,2,5,3,33,2480711.0,2,2
20,4722,2,2,2,5,5,46,10246817.0,2,9
20,9311,2,2,2,5,8,81,1780132.0,2,2
54,4721,1,2,2,4,2,173,755468.0,2,2
41,9311,2,2,2,3,5,147,,2,3
66,4321,2,1,2,5,6,222,3461786.0,9,2
25,2100,1,2,2,5,8,87,752522.0,2,2
23,4722,2,2,1,5,8,15,2771770.0,2,2
15,4712,2,2,2,3,5,123,1636266.0,9,3
17,2100,2,2,1,5,9,121,1249039.0,2,2
68,8011,2,2,2,5,4,78,772195.0,2,2
8,111,1,2,1,5,9,66,2293715.0,3,9
81,1011,1,1,2,5,7,39,1441177.0,3,3
44,4721,1,2,2,5,6,18,2790267.0,2,2
17,1021,1,2,2,5,4,198,5303116.0,2,3
15,2100,2,1,2,5,2,187,2617891.0,3,3
5,5611,2,2,2,5,8,160,2672223.0,2,9
70,4311,2,2,2,2,6,21,1035699.0,2,9
73,4311,2,2,2,2,3,168,8115019.0,2,2
70,4921,1,1,2,5,7,220,716235.0,2,2
17,9311,2,1,2,5,7,27,286533.0,3,2
17,1021,2,2,2,5,6,2,548432.0,3,2
76,9311,2,2,2,5,2,97,6859305.0,3,3
52,1021,2,2,1,2,8,208,3438952.0,1,3
13,1021,2,2,2,5,1,39,9571793.0,2,2
27,4711,2,1,2,5,1,214,405281.0,3,2
81,4712,2,1,2,3,6,56,32096638.0,2,2
76,8011,2,2,2,3,5,107,1410675.0,3,2
23,4711,2,2,2,5,9,127,239806.0,3,3
76,4311,2,2,2,2,7,239,27644567.0,2,2
11,111,2,2,2,5,2,13,411628.0,1,2
66,1011,2,2,2,3,7,126,1230000.0,2,2
20,4321,2,2,2,5,3,184,1548964.0,3,2
15,4712,2,2,2,5,1,194,3378356.0,2,9
13,1011,2,2,2,5,8,206,767148.0,3,2
81,1011,2,2,2,4,3,56,6900993.0,2,3
17,9311,2,2,2,5,8,230,4898126.0,2,2
8,7010,1,1,2,3,7,233,2028648.0,2,2
68,9311,2,2,2,3,2,28,9715132.0,2,2
27,4921,2,1,2,5,1,64,,3,3
13,141,2,1,2,5,7,71,1424348.0,2,2
50,4731,1,2,2,5,1,210,21806601.0,2,2
17,4911,2,2,2,4,6,192,2827442.0,3,1
73,4711,2,2,2,1,8,184,607567.0,2,2
54,4731,2,2,2,1,7,169,714741.0,2,2
81,1011,2,2,2,5,4,119,2028383.0,1,2
17,4921,2,1,2,5,1,100,111569.0,2,2
66,1011,2,2,2,5,1,41,927652.0,2,2
8,4321,2,2,1,5,4,228,1757718.0,3,2
50,4711,1,2,2,1,5,236,1622312.0,1,1
27,4921,2,2,2,4,7,4,438479.0,2,9
20,141,1,1,2,3,4,185,1157509.0,1,2
66,4721,2,2,2,4,1,158,8168245.0,2,3
44,9311,1,2,2,2,7,88,,2,2
41,4731,1,2,2,5,2,84,2223825.0,2,3
15,2100,1,2,2,3,2,46,,3,2
17,1011,1,2,2,5,8,184,1633193.0,2,2
73,6010,2,2,2,4,5,159,2632835.0,2,3
13,4722,2,2,2,5,2,88,2242456.0,2,3
66,4321,2,2,2,5,5,7,2925480.0,3,3
68,2100,1,1,2,5,8,218,3620609.0,2,3
5,7010,1,1,2,1,6,77,463550.0,2,2
68,141,1,2,2,5,3,182,1366382.0,2,2
54,5621,1,1,2,5,8,136,2514274.0,2,2
41,141,2,1,2,2,9,183,622188.0,2,3
50,141,2,2,2,2,5,197,883294.0,3,2
5,4321,2,2,2,4,2,172,,2,3
47,4731,1,2,2,5,2,141,1619128.0,2,2
17,4731,1,1,2,5,7,93,2571303.0,2,2
15,1011,2,1,2,5,1,20,716664.0,1,2
27,4311,2,1,2,2,2,78,6335153.0,2,2
13,5611,2,2,2,1,4,160,1603194.0,3,3
44,7010,1,2,2,5,1,188,2360153.0,3,2
27,8011,2,2,2,2,4,178,1272127.0,3,3
11,9311,1,1,2,5,5,27,2630753.0,3,3
5,1011,1,2,2,5,9,120,14731010.0,2,2
17,1011,2,2,2,3,1,25,1258029.0,2,3
63,1021,2,2,2,5,5,52,,2,2
81,4712,2,2,2,2,2,196,732203.0,1,2
25,7010,2,2,2,5,9,21,1845856.0,3,2
15,111,2,1,2,3,6,18,1820379.0,9,2
76,4721,2,1,2,5,2,39,2109015.0,3,3
25,9311,2,2,2,3,3,15,3477788.0,2,3
41,4722,2,1,2,5,8,53,2989455.0,2,2
8,4722,1,1,2,5,1,38,1929891.0,2,2
44,6010,2,1,2,3,3,176,,2,2
20,1021,2,1,2,5,1,52,4541719.0,2,1
8,1021,2,2,2,3,8,216,536535.0,2,3
68,111,2,2,2,5,1,72,310443.0,3,3
5,4311,2,2,2,3,5,28,860458.0,3,2
15,4722,1,2,2,5,4,213,2381378.0,1,3
23,4911,2,2,2,2,7,144,778092.0,2,2
54,1011,1,2,1,4,5,118,933641.0,2,2
23,4712,2,2,2,3,8,144,2045761.0,2,2
27,4921,1,2,2,5,1,35,1315375.0,3,2
50,8011,2,1,2,3,5,145,169864.0,2,3
81,4712,1,2,2,5,4,201,7221778.0,2,2
17,4321,2,2,2,5,3,99,5465402.0,2,2
76,4311,2,2,2,3,5,52,,2,2
11,7010,1,2,2,5,3,221,2122848.0,3,2
54,9311,2,2,2,2,8,231,519248.0,1,2
15,1011,2,2,2,4,3,210,954978.0,3,2
41,111,1,1,2,5,1,140,3553286.0,2,3
63,1021,2,2,2,5,9,83,5241176.0,3,3
47,1011,1,2,2,5,9,48,5096025.0,1,2
70,6010,2,2,2,3,6,22,2659921.0,2,3
81,111,2,1,2,4,1,123,,2,1
27,2100,2,2,2,2,8,127,952957.0,2,2
23,2100,2,2,2,5,2,177,1243754.0,3,2
8,4911,2,1,2,5,9,52,88119.0,2,2
41,141,1,2,2,5,8,79,1773263.0,3,3
11,6010,2,1,1,3,3,129,3975385.0,2,2
11,9311,2,2,2,3,5,66,,3,3
5,4721,2,2,2,3,9,64,937690.0,2,2
20,5621,2,2,2,1,1,8,5462574.0,3,1
73,9311,2,1,2,3,9,214,1814649.0,3,3
20,4911,2,2,2,5,4,25,4973886.0,2,2
27,1021,2,1,2,5,4,194,3553272.0,2,2
23,7010,2,1,2,5,4,201,10956141.0,2,2
15,111,2,1,2,4,9,201,2979410.0,1,1
47,4921,1,1,2,1,6,205,4122338.0,2,3
11,1011,2,2,2,5,8,198,1808375.0,2,2
70,6010,2,2,2,1,4,94,1084393.0,3,2
15,1011,2,2,2,5,3,207,3572866.0,3,3
15,6010,1,2,2,5,1,179,12034364.0,3,2
66,5621,2,2,2,3,7,181,946894.0,2,2
47,4911,2,2,2,5,4,15,1472152.0,3,2
13,4321,2,2,2,1,8,178,2047193.0,2,2
44,4321,1,2,2,5,3,199,4510306.0,2,1
25,4921,1,1,2,5,1,122,3001280.0,2,2
63,111,2,2,2,3,5,75,5930836.0,3,3
20,4712,2,1,2,4,2,104,21182615.0,3,2
20,7010,2,2,2,5,3,38,921094.0,2,2
19,2100,2,2,2,5,6,168,4121281.0,3,2
20,111,1,2,2,1,3,194,2913214.0,2,2
47,7010,2,1,2,5,3,115,2028583.0,3,3
66,141,1,2,2,3,6,39,4103300.0,2,2
17,4911,2,1,2,3,5,202,1439543.0,2,1
5,4921,2,2,2,3,9,108,,2,2
76,4321,2,1,2,1,1,17,414011.0,2,2
50,4731,2,1,2,2,3,135,1038638.0,2,2
5,4711,2,2,2,5,3,118,6969297.0,2,1
54,4721,2,1,2,3,6,232,6655136.0,2,2
5,141,1,2,2,2,8,39,2706914.0,3,2
50,5621,2,2,2,2,3,196,1151228.0,3,2
76,4911,2,1,2,5,3,35,5337772.0,2,2
8,7010,1,2,2,5,6,51,8743182.0,9,2
47,4731,2,1,2,3,8,47,1208825.0,2,3
70,7010,2,2,2,1,6,36,345924.0,3,2
20,1011,2,1,2,3,3,64,3398898.0,2,3
20,4311,2,2,2,2,4,95,5935856.0,2,2
66,8011,2,1,2,2,1,217,4012721.0,1,3
19,1011,1,2,2,4,8,105,12969292.0,3,2
66,4711,1,2,2,3,4,13,13035158.0,2,2
17,4911,2,2,2,5,6,146,1374393.0,3,2
17,4731,2,2,2,3,3,149,2517541.0,2,2
11,4721,1,2,2,5,6,112,1092695.0,2,2
19,4711,2,2,2,5,9,65,581591.0,2,2
66,4722,2,1,1,5,9,228,623979.0,3,2
20,1011,2,2,2,4,3,8,4687573.0,2,1
25,4721,1,2,2,4,3,48,2851811.0,3,2
68,4311,2,2,2,4,4,85,5768675.0,2,2
50,4712,2,2,2,5,7,43,41365000.0,3,1
50,4321,2,2,2,4,3,181,,2,2
5,4311,2,1,2,5,8,85,770269.0,2,2
68,6010,2,2,2,5,8,155,6866411.0,2,2
19,5621,2,1,2,3,6,19,753274.0,2,2
13,4712,1,2,2,5,4,23,16159267.0,2,2
17,1021,2,2,1,2,5,115,186141.0,3,3
5,8011,2,2,1,3,2,50,1029044.0,2,2
15,4921,2,2,2,4,6,179,4183111.0,2,3
76,1021,1,2,2,3,3,43,8145899.0,2,2
5,2100,1,1,2,5,6,99,879949.0,2,3
13,4722,2,2,2,3,5,104,707922.0,2,3
73,4311,2,1,2,4,2,116,2369147.0,2,3
8,4911,2,2,2,5,5,51,19595149.0,3,2
25,9311,2,2,2,5,5,106,312996.0,2,2
15,6010,2,1,2,4,9,112,1360082.0,3,2
25,6010,2,1,2,5,8,197,2709357.0,2,9
5,4712,2,2,2,5,7,169,762883.0,2,9
73,2100,2,2,2,4,3,72,759743.0,1,3
17,4321,2,2,2,2,4,139,1498432.0,3,3
44,8011,1,1,2,5,6,80,,2,3
50,141,2,1,2,5,3,231,1568963.0,3,2
13,5611,2,2,2,5,9,239,11509447.0,2,2
44,141,2,2,2,5,8,216,4037452.0,3,2
81,4731,1,1,2,5,6,213,3140199.0,2,2
68,4722,2,2,2,2,4,180,6805109.0,1,1
81,7010,2,1,2,1,7,151,3207375.0,2,2
50,4722,1,2,1,3,3,49,1164935.0,2,2
20,2100,2,2,2,5,8,166,1445863.0,2,2
15,4311,2,2,1,5,1,47,511281.0,1,3
50,4721,2,2,2,3,3,72,21984623.0,3,2
13,4731,1,2,2,5,5,7,6057869.0,2,2
41,5611,1,1,2,4,5,66,91904.0,2,3
44,1011,2,1,2,4,2,222,9818256.0,2,2
8,5621,2,2,2,3,8,77,341424.0,2,2
66,4311,2,2,2,2,5,62,3703551.0,1,2
66,5611,2,2,2,3,7,215,140810.0,1,2
13,6010,2,2,1,2,7,157,1186175.0,3,3
13,4722,2,2,2,3,5,38,9910647.0,2,2
27,4921,2,1,2,1,8,125,10595719.0,2,2
15,2100,2,2,2,5,9,229,2865147.0,2,2
68,9311,2,2,2,3,4,84,5101054.0,2,3
27,5621,2,2,2,5,4,161,363565.0,1,2
25,4722,2,2,2,3,8,29,3782894.0,2,3
20,6010,2,1,2,3,1,114,5504986.0,2,2
17,4721,1,2,2,4,4,79,43301377.0,2,3
17,4731,2,2,2,1,6,23,938592.0,9,3
20,8011,1,2,2,5,4,106,2021930.0,2,3
76,2100,2,1,2,1,6,131,2177609.0,2,2
50,4722,2,1,2,5,5,101,,2,3
47,4712,2,1,2,5,9,221,5703626.0,2,2
27,111,2,2,2,5,9,173,7082221.0,3,3
41,141,2,2,1,5,4,8,6488582.0,2,2
44,141,2,2,2,5,4,86,335258.0,2,2
20,9311,1,2,2,4,8,117,86177.0,3,2
63,6010,1,2,2,5,4,29,1069549.0,1,2
5,141,2,2,2,1,2,2,1900257.0,9,2
50,4921,2,1,2,2,2,233,949868.0,3,2
20,4911,2,2,2,4,1,113,,2,2
27,5611,1,2,1,5,5,178,1324440.0,1,3
41,4722,2,1,2,5,6,237,3964654.0,2,2
41,141,1,1,2,2,9,65,573532.0,2,2
13,8011,2,2,2,5,5,108,1805966.0,2,3
52,4921,2,2,2,3,6,20,1822631.0,2,2
13,4722,2,2,2,4,6,180,3857921.0,3,2
15,9311,1,1,2,3,3,213,7994671.0,2,2
81,4711,2,2,2,4,4,37,14960573.0,2,2
15,111,2,2,2,3,1,72,810017.0,2,2
20,2100,2,1,2,5,4,27,179877.0,3,2
25,9311,2,2,2,5,1,175,1483160.0,1,9
54,7010,2,1,2,4,5,123,294684.0,2,2
23,4321,2,2,2,5,8,227,52772052.0,3,1
73,4921,2,1,2,5,8,134,695609.0,3,3
66,4711,2,1,2,5,5,188,3900442.0,3,2
47,9311,2,2,2,5,2,45,6082213.0,3,2
20,5611,2,1,2,3,6,172,2983915.0,2,3
23,4722,2,2,2,5,1,83,23964027.0,2,2
73,2100,1,1,2,5,7,146,1555056.0,1,3
27,8011,1,2,2,3,4,120,,2,2
76,7010,2,1,2,3,5,65,684230.0,2,3
5,7010,2,2,2,5,6,25,4876834.0,2,2
47,5611,2,2,1,1,1,27,1578904.0,3,2
15,7010,2,1,2,5,9,135,684342.0,2,2
70,6010,2,2,2,2,4,172,,2,9
47,4321,2,1,2,5,8,106,4644057.0,2,3
13,5621,2,2,2,4,5,157,2745753.0,3,2
73,1021,1,2,2,5,8,223,5835763.0,2,9
76,8011,2,2,1,5,1,44,2203854.0,2,2
5,4731,1,2,2,4,8,107,972523.0,2,1
73,2100,1,2,2,5,4,36,5249692.0,2,1
76,4311,2,1,2,1,2,147,681392.0,2,3
66,111,2,1,2,1,6,6,511620.0,3,3
20,4721,2,2,2,3,2,153,7937743.0,9,2
50,4921,2,2,2,5,5,159,1306134.0,9,3
70,4321,2,2,2,2,2,9,14633451.0,1,3
50,9311,1,2,2,2,3,212,,3,2
23,4921,1,2,2,4,6,202,1192298.0,9,2
70,5611,2,2,2,5,1,165,3553578.0,3,3
23,9311,2,2,2,5,6,155,41204429.0,2,2
25,4921,2,2,1,3,3,13,4901872.0,3,2
68,141,1,2,2,2,7,41,3984963.0,2,2
70,141,2,1,2,5,2,128,971245.0,3,2
23,4311,2,1,2,3,6,66,18137018.0,1,2
11,4721,2,2,2,5,8,85,9640902.0,2,2
68,6010,2,1,2,5,1,225,981979.0,9,3
27,141,2,2,2,5,9,24,18934485.0,2,2
17,4731,2,2,2,3,5,44,2416187.0,2,2
8,4731,2,2,2,5,5,106,723272.0,9,3
19,2100,2,2,2,5,5,98,966829.0,9,3
63,9311,2,2,2,5,6,60,5684431.0,2,3
8,4311,2,2,2,3,2,9,,3,2
54,4731,2,2,2,3,6,130,527687.0,2,2
27,4722,2,2,2,2,4,56,1170978.0,2,1
41,5611,1,2,2,5,8,158,1400842.0,2,3
66,4722,2,2,2,5,9,22,883831.0,1,9
73,5621,2,2,2,4,9,238,1149992.0,2,2
81,5621,2,2,2,5,8,203,5958429.0,1,3
19,111,2,2,2,4,3,235,2697410.0,3,1
68,4721,2,2,1,5,4,81,1067928.0,2,2
17,4711,1,2,2,5,1,100,1186575.0,3,3
70,4722,2,2,1,3,9,13,1692999.0,3,1
81,5611,2,2,2,4,5,71,1813379.0,2,2
5,1021,2,2,2,2,6,16,1822603.0,3,2
54,6010,2,2,2,5,3,225,5701826.0,3,3
27,4911,2,2,2,5,8,45,2511638.0,2,2
73,2100,2,2,1,5,7,65,2601891.0,1,2
63,4722,1,2,2,3,1,139,10986111.0,3,2
70,4911,2,2,2,5,5,70,18849212.0,3,1
54,4311,2,1,2,2,9,148,452631.0,3,3
19,5621,2,2,2,5,6,99,298137.0,1,2
54,4721,2,2,2,2,8,236,1303694.0,2,1
68,6010,2,2,2,5,1,191,5074579.0,2,2
23,4311,1,2,2,5,7,101,,2,3
54,8011,2,2,2,5,3,105,7024535.0,1,2
68,8011,2,2,2,5,9,218,1238192.0,2,1
73,4311,2,1,1,3,6,140,189463.0,2,2
73,4921,2,2,2,1,5,190,384562.0,3,2
20,5611,2,2,2,5,8,94,,2,2
54,4911,1,1,2,3,8,220,7089350.0,2,2
19,1021,2,2,2,2,3,219,201157.0,3,3
5,4921,2,2,2,5,2,42,10775537.0,9,3
44,4722,1,2,2,5,2,83,3462699.0,2,3
76,4321,2,1,1,1,5,197,,2,2
66,2100,2,2,2,3,7,186,934542.0,3,2
81,111,2,2,2,1,8,133,13381628.0,2,2
66,4321,2,2,2,4,8,105,5817654.0,3,2
54,4722,1,2,2,5,8,155,3573257.0,2,1
44,111,1,2,2,5,3,28,824322.0,2,3
52,4711,2,2,2,5,2,26,13756437.0,2,2
20,5621,2,2,2,3,4,219,2056305.0,2,2
66,5611,2,2,2,5,1,116,2838598.0,2,2
63,7010,2,1,2,5,3,49,2164437.0,1,2
5,111,2,2,2,3,9,234,791226.0,9,3
47,4321,2,1,2,5,7,149,2910004.0,2,2
66,2100,2,1,2,5,7,1,4575956.0,2,3
50,7010,2,1,2,5,1,92,1167144.0,3,2
63,8011,2,1,2,5,7,58,,2,3
8,5621,1,2,2,3,7,79,2126949.0,3,2
73,4311,2,1,2,3,4,183,5945573.0,9,3
54,4911,2,2,2,5,7,81,1385082.0,2,2
63,6010,2,2,1,3,8,26,2602245.0,2,2
17,4731,2,2,2,4,3,212,3350443.0,3,2
66,111,2,1,2,5,2,153,1347982.0,2,2
13,4731,2,2,2,5,7,77,736433.0,1,2
5,4721,1,2,2,4,5,161,895262.0,3,2
20,4731,1,2,2,5,5,217,3239819.0,3,2
76,9311,2,2,2,5,5,72,1494975.0,9,1
19,141,1,2,2,5,7,69,1471352.0,1,2
11,141,2,2,2,3,9,6,4093770.0,2,2
25,4911,2,2,2,3,8,23,6738782.0,1,2
25,1021,2,2,2,3,6,158,8285843.0,2,3
66,4711,2,1,2,2,7,206,950742.0,2,9
47,111,1,2,2,3,9,54,6000148.0,2,3
8,4722,2,1,2,3,6,87,24202819.0,1,3
5,4311,2,2,1,4,1,11,,2,2
76,5621,1,2,2,5,4,159,,2,9
76,4711,2,2,2,2,8,134,1413934.0,1,2
63,9311,2,2,2,5,7,11,553209.0,3,2
19,4712,2,2,2,5,3,77,5447700.0,2,3
20,4321,2,2,2,2,3,12,1825503.0,3,2
5,1021,1,2,1,5,3,194,1656716.0,3,2
76,5621,2,2,2,5,1,53,4523570.0,2,2
11,9311,2,1,2,4,1,99,5052428.0,2,2
81,9311,2,2,2,5,6,36,964136.0,2,2
76,4712,2,2,2,3,1,145,992163.0,3,2
20,5611,2,1,2,5,5,28,940694.0,2,1
73,6010,1,2,2,1,4,220,25045811.0,3,2
50,5611,2,1,1,5,5,150,11670503.0,9,2
15,4712,1,2,2,4,7,102,4631764.0,9,2
11,4711,2,2,2,5,6,7,1263639.0,2,3
66,4311,2,2,2,3,9,15,1456701.0,3,2
5,4731,2,1,2,5,6,224,3066737.0,9,3
50,4712,2,1,2,5,9,139,28090901.0,2,2
20,8011,1,1,2,5,4,24,2804266.0,2,2
8,4712,2,2,2,5,1,195,3651288.0,1,2
11,4311,1,2,2,4,1,30,93080.0,2,2
81,4712,1,2,2,5,7,198,2700897.0,3,2
47,8011,1,2,2,5,3,66,372266.0,2,2
81,8011,2,2,2,5,2,61,1105276.0,3,2
47,141,2,2,2,5,6,78,2097513.0,3,2
27,5621,1,2,2,4,6,41,1379839.0,2,2
52,4911,1,2,1,3,7,82,924351.0,2,9
13,7010,1,2,2,4,5,51,934291.0,1,2
68,1011,2,1,1,5,8,172,1539151.0,3,3
15,5611,2,1,2,3,7,95,1460588.0,2,3
73,4311,2,2,2,5,2,13,2031585.0,2,2
70,4721,2,1,2,5,1,90,1857284.0,1,3
47,141,2,2,2,4,9,236,,3,9
76,9311,2,2,2,5,5,140,169478.0,3,2
52,5621,2,2,2,3,5,82,2660348.0,2,2
63,2100,2,2,1,2,4,9,2159120.0,2,2
19,4722,1,1,2,5,2,213,1687859.0,3,2
25,6010,1,2,2,2,5,48,850030.0,2,2
19,2100,2,2,2,3,2,49,1656719.0,2,3
5,7010,2,2,2,5,7,53,279229.0,2,3
76,1011,2,2,2,3,9,184,2540982.0,1,2
70,7010,1,2,2,5,9,40,3158699.0,2,2
66,2100,1,2,2,5,6,107,851809.0,2,3
52,6010,2,2,2,3,1,24,20354839.0,2,2
66,1021,1,1,2,1,6,226,1715931.0,2,3
13,1011,2,2,2,5,5,200,2090444.0,2,2
63,9311,2,2,2,4,4,108,9849566.0,2,1
8,4712,1,2,2,2,6,33,25920589.0,2,1
5,4721,1,2,2,5,6,23,515036.0,2,2
50,1011,2,2,2,1,6,77,991927.0,9,1
15,4911,2,2,2,5,2,54,1752909.0,2,2
68,4711,2,2,2,2,7,53,813053.0,3,2
27,4311,2,1,2,2,4,49,5472986.0,2,2
25,2100,1,2,2,3,9,206,712418.0,2,3
8,4721,2,1,2,5,2,78,9064931.0,2,2
11,5611,2,1,1,5,5,80,4190693.0,2,2
76,5621,1,2,2,5,4,177,8015212.0,3,2
76,2100,2,2,2,4,9,102,716257.0,2,2
41,111,2,2,2,3,4,122,1251441.0,2,9
68,4321,2,1,1,3,8,188,,3,3
15,141,1,2,2,5,8,103,4685165.0,2,2
15,4731,2,2,2,5,6,90,1405311.0,2,3
17,141,2,2,2,5,6,90,1667041.0,1,2
23,4321,2,2,2,3,8,193,1177356.0,2,2
8,4911,1,2,2,5,9,160,1614066.0,2,2
70,4311,2,2,2,3,5,121,622557.0,2,3
41,1011,2,2,2,5,1,207,508967.0,2,2
11,1021,2,1,2,1,1,149,6626031.0,1,3
68,4722,2,2,2,5,2,146,1549611.0,3,2
73,4731,2,2,2,3,5,222,7893840.0,3,2
41,1011,2,2,2,4,4,60,4053866.0,9,9
81,1021,2,1,2,5,1,122,2883203.0,3,2
54,7010,2,2,2,4,4,141,845542.0,3,3
25,7010,2,2,1,4,4,152,463733.0,3,3
81,8011,2,2,2,5,4,30,1145909.0,2,3
47,6010,2,1,2,5,1,130,12463324.0,2,2
76,1011,2,2,2,5,9,83,5761729.0,2,2
54,111,2,2,2,3,3,111,1024282.0,1,3
63,4311,1,2,2,5,4,108,1161621.0,3,2
66,2100,2,1,2,5,5,111,650237.0,2,2
54,5611,2,2,2,4,7,25,309742.0,2,2
47,4911,2,2,2,5,6,50,2239851.0,1,2
23,4712,2,1,2,3,5,14,15714476.0,2,2
20,5621,2,1,2,2,8,134,15953028.0,2,2
8,8011,2,2,2,3,1,76,4112265.0,2,2
44,4721,2,1,2,2,7,84,962022.0,2,2
19,4921,2,1,2,5,6,87,348231.0,1,2
23,4721,2,2,2,5,5,158,6965462.0,2,3
73,111,2,2,2,5,7,30,3391083.0,2,3
73,4321,2,1,1,5,3,166,1356646.0,3,1
27,1011,1,2,2,2,1,58,1110198.0,2,2
47,5611,1,1,2,5,9,94,4075581.0,2,2
13,4711,2,1,2,5,2,41,735314.0,9,2
44,4711,1,1,2,4,3,94,2642084.0,2,3
8,1011,2,2,2,5,8,57,458728.0,2,3
76,4731,2,1,2,5,9,164,28751885.0,2,3
15,8011,2,1,2,5,3,64,,3,2
27,4321,2,2,2,5,6,98,4317032.0,2,2
17,4731,1,2,2,2,7,16,470887.0,2,2
63,4722,2,1,2,3,1,88,1630009.0,3,2
70,5611,2,2,2,4,7,78,5731811.0,1,1
25,6010,2,1,2,5,4,90,7430817.0,3,1
13,141,1,2,2,5,5,72,4955189.0,2,2
23,1021,2,2,2,5,8,14,1679668.0,2,2
17,4911,1,2,2,4,4,31,891676.0,3,2
8,4321,2,2,2,1,4,66,544045.0,2,2
54,6010,1,2,2,5,8,112,12049796.0,3,9
15,8011,1,1,2,5,5,68,2244617.0,9,2
17,4711,2,2,2,3,6,193,2802120.0,2,2
41,4921,2,1,2,5,5,55,8027982.0,3,2
76,4921,2,2,2,5,1,212,4009100.0,1,3
70,4712,2,2,2,5,7,123,1701633.0,3,2
25,4722,2,2,2,5,6,206,4844158.0,2,3
73,5611,1,2,2,3,2,168,939350.0,2,2
70,4731,2,2,2,5,7,153,308238.0,2,3
17,4721,2,2,1,5,6,25,10790867.0,2,2
20,4711,2,2,2,4,5,131,1038155.0,2,2
8,4722,1,2,2,3,8,69,1376221.0,3,2
41,2100,2,2,2,5,5,102,1529880.0,3,2
44,4712,2,2,2,3,2,118,962561.0,1,3
70,4731,2,2,2,3,6,26,7434193.0,2,2
19,4721,1,2,2,5,1,40,3107556.0,3,2
25,1021,2,2,2,3,5,38,1377052.0,2,9
44,2100,1,2,2,5,6,166,428993.0,2,2
54,5611,1,1,2,2,7,196,2854928.0,2,9
70,111,2,2,2,5,2,7,104743.0,2,2
47,5611,2,2,2,3,1,222,2621599.0,2,3
8,141,2,2,2,1,6,158,9937405.0,3,1
73,4911,1,2,2,2,3,120,2142470.0,2,2
27,4321,2,1,2,5,5,147,8432406.0,1,2
5,4712,2,2,2,5,2,231,453607.0,3,2
66,7010,2,2,2,3,1,35,22890892.0,2,2
70,4911,2,2,2,5,1,232,7398164.0,2,2
13,4911,1,2,2,5,4,161,3510113.0,2,9
66,1021,2,1,2,5,2,161,966973.0,2,9
70,4712,2,1,2,4,1,78,792203.0,2,9
27,4721,1,2,2,5,6,38,1821026.0,2,9
20,4911,2,2,2,2,4,138,8396570.0,2,3
27,8011,2,2,2,4,7,185,408960.0,2,9
13,4711,1,1,2,5,6,28,2007684.0,2,3
54,4721,2,2,2,5,5,206,4785324.0,3,2
19,2100,1,2,2,3,2,100,6047881.0,2,3
20,4712,1,2,2,2,5,38,4768220.0,2,3
11,1021,2,1,2,5,9,144,361814.0,3,3
73,141,2,2,2,5,9,124,7710807.0,2,2
8,7010,2,2,2,4,2,149,2149256.0,2,1
76,111,2,2,2,5,7,92,,2,3
50,4321,1,2,2,1,4,97,1926081.0,3,9
81,8011,2,2,2,3,3,6,189018.0,2,2
73,9311,2,2,2,5,1,169,3968733.0,2,2
73,4731,2,2,2,3,3,127,1701037.0,2,2
15,4911,2,1,2,3,9,15,431861.0,2,2
81,4321,2,2,2,5,9,108,1399895.0,3,2
5,7010,2,1,2,5,7,131,848344.0,2,2
13,4721,2,2,2,2,3,43,915933.0,2,9
50,4711,1,2,2,5,3,47,131499.0,9,2
68,2100,1,2,2,5,4,99,266573.0,1,2
66,8011,1,2,2,3,7,14,1505086.0,1,3
11,4712,2,1,2,5,7,194,1224323.0,2,2
68,4712,2,2,2,4,2,157,6380607.0,3,2
27,4721,2,2,2,4,5,132,928996.0,3,2
54,1011,2,1,2,5,7,154,1053493.0,3,2
44,7010,2,2,2,5,7,115,1114272.0,2,3
27,5621,2,1,2,2,6,140,1565262.0,2,3
8,5611,1,2,2,4,8,2,2212772.0,2,2
23,1021,1,2,2,5,3,145,1217617.0,3,2
8,2100,2,1,2,4,1,35,3935174.0,2,1
70,4711,2,2,2,4,3,10,31335593.0,1,3
23,1011,2,1,2,2,2,112,736354.0,3,3
23,4721,1,1,2,5,2,214,3173025.0,2,2
20,4722,1,1,2,4,2,233,2054270.0,2,2
54,7010,2,2,2,3,5,171,6965231.0,3,9
5,5611,1,2,2,5,1,21,2529671.0,2,3
27,7010,1,2,2,5,4,15,829234.0,2,2
20,4721,2,1,2,5,5,163,489889.0,2,3
25,6010,1,1,1,3,2,112,4125045.0,2,2
19,2100,2,2,2,5,5,126,540061.0,1,2
11,6010,2,2,2,3,4,85,8206922.0,2,2
11,4722,1,2,2,3,8,85,3850953.0,2,2
63,4911,2,1,2,5,1,213,2200182.0,3,2
15,9311,2,2,2,1,5,188,410566.0,2,2
41,5621,2,2,2,2,1,172,4458789.0,2,2
41,1021,2,2,2,1,4,224,13799173.0,2,2
66,4721,1,2,2,3,8,5,1190502.0,3,2
17,4921,2,1,2,2,1,231,813996.0,2,2
8,7010,1,2,2,5,2,201,1775458.0,3,3
41,111,2,2,2,3,1,117,3472310.0,3,2
66,141,2,2,1,2,7,146,1048149.0,3,2
15,4711,2,2,2,3,2,149,5832975.0,3,9
41,5611,2,2,2,5,1,72,19635732.0,1,2
54,4712,1,2,2,5,6,236,2946990.0,3,2
54,6010,1,1,2,4,6,226,1342463.0,3,2
25,5611,2,2,2,5,2,74,3361858.0,9,3
76,6010,2,2,2,4,1,51,8143734.0,2,3
54,4722,2,2,2,3,3,169,2401403.0,2,2
50,1011,1,2,2,3,5,24,3548778.0,2,3
41,4721,2,1,2,4,6,232,4619141.0,2,1
52,141,1,2,2,3,3,152,693471.0,3,9
81,6010,2,2,2,5,9,224,3439874.0,9,2
66,2100,2,1,2,3,5,225,396194.0,2,3
20,9311,2,2,2,5,2,38,899759.0,3,2
70,1011,2,2,2,2,6,44,,1,2
54,6010,2,2,2,3,8,185,5639140.0,1,9
76,5611,2,2,2,4,6,187,1433721.0,2,3
15,8011,2,2,2,5,4,162,15355006.0,2,2
73,141,2,2,2,4,6,75,411585.0,3,2
52,6010,2,2,2,5,8,95,1550200.0,2,2
17,141,2,2,2,3,8,210,2758300.0,2,2
20,4721,2,2,2,2,2,23,68193.0,2,2
63,4311,2,2,2,2,8,124,1640981.0,2,2
41,141,2,2,2,3,6,86,514320.0,3,2
50,1021,2,1,2,3,2,43,528562.0,2,2
23,2100,1,2,2,3,1,210,1430198.0,2,2
44,4921,2,1,2,5,6,40,221728.0,3,2
50,5621,2,2,2,1,7,47,751967.0,2,2
25,6010,2,2,2,5,5,169,228036.0,3,3
52,1021,2,2,2,4,8,175,2300287.0,2,1
19,141,2,2,2,5,9,231,2247247.0,2,2
54,7010,2,2,2,5,4,20,1305037.0,9,2
76,2100,1,2,2,3,7,205,6554970.0,3,2
70,6010,2,1,2,3,8,109,1389708.0,2,2
73,5611,2,1,2,5,6,193,1928597.0,2,2
19,4722,2,2,2,5,2,68,668504.0,3,2
47,1011,2,2,2,3,7,24,125000.0,2,3
50,9311,2,1,2,2,9,228,1665427.0,1,9
70,1021,1,2,2,5,5,36,1423831.0,2,1
19,4711,2,2,2,3,2,45,15431021.0,2,2
23,2100,2,1,2,5,4,130,4416840.0,2,2
